{
  "Petición HTTP" : {
    "transaction" : "Petición HTTP",
    "sampleCount" : 47,
    "errorCount" : 0,
    "errorPct" : 0.0,
    "meanResTime" : 4061.702127659574,
    "medianResTime" : 4177.0,
    "minResTime" : 2.0,
    "maxResTime" : 9605.0,
    "pct1ResTime" : 8426.800000000001,
    "pct2ResTime" : 9040.799999999997,
    "pct3ResTime" : 9605.0,
    "throughput" : 3.5987748851454824,
    "receivedKBytesPerSec" : 19.220410006699847,
    "sentKBytesPerSec" : 0.4217314318529862
  },
  "Total" : {
    "transaction" : "Total",
    "sampleCount" : 47,
    "errorCount" : 0,
    "errorPct" : 0.0,
    "meanResTime" : 4061.702127659574,
    "medianResTime" : 4177.0,
    "minResTime" : 2.0,
    "maxResTime" : 9605.0,
    "pct1ResTime" : 8426.800000000001,
    "pct2ResTime" : 9040.799999999997,
    "pct3ResTime" : 9605.0,
    "throughput" : 3.5987748851454824,
    "receivedKBytesPerSec" : 19.220410006699847,
    "sentKBytesPerSec" : 0.4217314318529862
  }
}