{
  "Petición HTTP" : {
    "transaction" : "Petición HTTP",
    "sampleCount" : 50,
    "errorCount" : 0,
    "errorPct" : 0.0,
    "meanResTime" : 4693.32,
    "medianResTime" : 5646.0,
    "minResTime" : 1.0,
    "maxResTime" : 7396.0,
    "pct1ResTime" : 7084.2,
    "pct2ResTime" : 7282.2,
    "pct3ResTime" : 7396.0,
    "throughput" : 6.490134994807892,
    "receivedKBytesPerSec" : 34.66264481113707,
    "sentKBytesPerSec" : 0.7605626947040499
  },
  "Total" : {
    "transaction" : "Total",
    "sampleCount" : 50,
    "errorCount" : 0,
    "errorPct" : 0.0,
    "meanResTime" : 4693.32,
    "medianResTime" : 5646.0,
    "minResTime" : 1.0,
    "maxResTime" : 7396.0,
    "pct1ResTime" : 7084.2,
    "pct2ResTime" : 7282.2,
    "pct3ResTime" : 7396.0,
    "throughput" : 6.490134994807892,
    "receivedKBytesPerSec" : 34.66264481113707,
    "sentKBytesPerSec" : 0.7605626947040499
  }
}