{
  "Petición HTTP" : {
    "transaction" : "Petición HTTP",
    "sampleCount" : 47,
    "errorCount" : 0,
    "errorPct" : 0.0,
    "meanResTime" : 5797.148936170213,
    "medianResTime" : 5830.0,
    "minResTime" : 217.0,
    "maxResTime" : 13487.0,
    "pct1ResTime" : 11040.6,
    "pct2ResTime" : 12298.999999999995,
    "pct3ResTime" : 13487.0,
    "throughput" : 2.7944586479576667,
    "receivedKBytesPerSec" : 14.924701509453595,
    "sentKBytesPerSec" : 0.3274756228075391
  },
  "Total" : {
    "transaction" : "Total",
    "sampleCount" : 47,
    "errorCount" : 0,
    "errorPct" : 0.0,
    "meanResTime" : 5797.148936170213,
    "medianResTime" : 5830.0,
    "minResTime" : 217.0,
    "maxResTime" : 13487.0,
    "pct1ResTime" : 11040.6,
    "pct2ResTime" : 12298.999999999995,
    "pct3ResTime" : 13487.0,
    "throughput" : 2.7944586479576667,
    "receivedKBytesPerSec" : 14.924701509453595,
    "sentKBytesPerSec" : 0.3274756228075391
  }
}