{
  "Petición HTTP" : {
    "transaction" : "Petición HTTP",
    "sampleCount" : 45,
    "errorCount" : 0,
    "errorPct" : 0.0,
    "meanResTime" : 2405.1333333333328,
    "medianResTime" : 2008.0,
    "minResTime" : 2.0,
    "maxResTime" : 8353.0,
    "pct1ResTime" : 5304.799999999999,
    "pct2ResTime" : 7205.7999999999965,
    "pct3ResTime" : 8353.0,
    "throughput" : 3.8507615950710252,
    "receivedKBytesPerSec" : 20.56622574555023,
    "sentKBytesPerSec" : 0.45126112442238575
  },
  "Total" : {
    "transaction" : "Total",
    "sampleCount" : 45,
    "errorCount" : 0,
    "errorPct" : 0.0,
    "meanResTime" : 2405.1333333333328,
    "medianResTime" : 2008.0,
    "minResTime" : 2.0,
    "maxResTime" : 8353.0,
    "pct1ResTime" : 5304.799999999999,
    "pct2ResTime" : 7205.7999999999965,
    "pct3ResTime" : 8353.0,
    "throughput" : 3.8507615950710252,
    "receivedKBytesPerSec" : 20.56622574555023,
    "sentKBytesPerSec" : 0.45126112442238575
  }
}