{
  "Petición HTTP" : {
    "transaction" : "Petición HTTP",
    "sampleCount" : 50,
    "errorCount" : 0,
    "errorPct" : 0.0,
    "meanResTime" : 1878.2599999999998,
    "medianResTime" : 51.0,
    "minResTime" : 1.0,
    "maxResTime" : 5640.0,
    "pct1ResTime" : 5518.0,
    "pct2ResTime" : 5574.55,
    "pct3ResTime" : 5640.0,
    "throughput" : 8.238589553468445,
    "receivedKBytesPerSec" : 44.00082643351458,
    "sentKBytesPerSec" : 0.9654597132970836
  },
  "Total" : {
    "transaction" : "Total",
    "sampleCount" : 50,
    "errorCount" : 0,
    "errorPct" : 0.0,
    "meanResTime" : 1878.2599999999998,
    "medianResTime" : 51.0,
    "minResTime" : 1.0,
    "maxResTime" : 5640.0,
    "pct1ResTime" : 5518.0,
    "pct2ResTime" : 5574.55,
    "pct3ResTime" : 5640.0,
    "throughput" : 8.238589553468445,
    "receivedKBytesPerSec" : 44.00082643351458,
    "sentKBytesPerSec" : 0.9654597132970836
  }
}