{
  "Petición HTTP" : {
    "transaction" : "Petición HTTP",
    "sampleCount" : 46,
    "errorCount" : 0,
    "errorPct" : 0.0,
    "meanResTime" : 2613.913043478262,
    "medianResTime" : 2450.0,
    "minResTime" : 1.0,
    "maxResTime" : 5906.0,
    "pct1ResTime" : 5709.500000000001,
    "pct2ResTime" : 5899.35,
    "pct3ResTime" : 5906.0,
    "throughput" : 3.914227365554799,
    "receivedKBytesPerSec" : 20.905185021698433,
    "sentKBytesPerSec" : 0.458698519400953
  },
  "Total" : {
    "transaction" : "Total",
    "sampleCount" : 46,
    "errorCount" : 0,
    "errorPct" : 0.0,
    "meanResTime" : 2613.913043478262,
    "medianResTime" : 2450.0,
    "minResTime" : 1.0,
    "maxResTime" : 5906.0,
    "pct1ResTime" : 5709.500000000001,
    "pct2ResTime" : 5899.35,
    "pct3ResTime" : 5906.0,
    "throughput" : 3.914227365554799,
    "receivedKBytesPerSec" : 20.905185021698433,
    "sentKBytesPerSec" : 0.458698519400953
  }
}