{
  "Petición HTTP" : {
    "transaction" : "Petición HTTP",
    "sampleCount" : 50,
    "errorCount" : 0,
    "errorPct" : 0.0,
    "meanResTime" : 2778.2999999999997,
    "medianResTime" : 2007.0,
    "minResTime" : 2.0,
    "maxResTime" : 12895.0,
    "pct1ResTime" : 8773.599999999993,
    "pct2ResTime" : 11662.999999999996,
    "pct3ResTime" : 12895.0,
    "throughput" : 2.557544757033248,
    "receivedKBytesPerSec" : 13.659386988491049,
    "sentKBytesPerSec" : 0.29971227621483376
  },
  "Total" : {
    "transaction" : "Total",
    "sampleCount" : 50,
    "errorCount" : 0,
    "errorPct" : 0.0,
    "meanResTime" : 2778.2999999999997,
    "medianResTime" : 2007.0,
    "minResTime" : 2.0,
    "maxResTime" : 12895.0,
    "pct1ResTime" : 8773.599999999993,
    "pct2ResTime" : 11662.999999999996,
    "pct3ResTime" : 12895.0,
    "throughput" : 2.557544757033248,
    "receivedKBytesPerSec" : 13.659386988491049,
    "sentKBytesPerSec" : 0.29971227621483376
  }
}