{
  "Petición HTTP" : {
    "transaction" : "Petición HTTP",
    "sampleCount" : 46,
    "errorCount" : 0,
    "errorPct" : 0.0,
    "meanResTime" : 2883.9999999999995,
    "medianResTime" : 2676.0,
    "minResTime" : 2.0,
    "maxResTime" : 6802.0,
    "pct1ResTime" : 5738.700000000001,
    "pct2ResTime" : 6445.45,
    "pct3ResTime" : 6802.0,
    "throughput" : 3.7502038154247512,
    "receivedKBytesPerSec" : 20.029164713435513,
    "sentKBytesPerSec" : 0.43947700962008807
  },
  "Total" : {
    "transaction" : "Total",
    "sampleCount" : 46,
    "errorCount" : 0,
    "errorPct" : 0.0,
    "meanResTime" : 2883.9999999999995,
    "medianResTime" : 2676.0,
    "minResTime" : 2.0,
    "maxResTime" : 6802.0,
    "pct1ResTime" : 5738.700000000001,
    "pct2ResTime" : 6445.45,
    "pct3ResTime" : 6802.0,
    "throughput" : 3.7502038154247512,
    "receivedKBytesPerSec" : 20.029164713435513,
    "sentKBytesPerSec" : 0.43947700962008807
  }
}