{
  "Petición HTTP" : {
    "transaction" : "Petición HTTP",
    "sampleCount" : 30,
    "errorCount" : 0,
    "errorPct" : 0.0,
    "meanResTime" : 453.76666666666654,
    "medianResTime" : 104.0,
    "minResTime" : 1.0,
    "maxResTime" : 2748.0,
    "pct1ResTime" : 1449.2000000000003,
    "pct2ResTime" : 2090.199999999999,
    "pct3ResTime" : 2748.0,
    "throughput" : 3.105590062111801,
    "receivedKBytesPerSec" : 16.586398486024844,
    "sentKBytesPerSec" : 0.3639363354037267
  },
  "Total" : {
    "transaction" : "Total",
    "sampleCount" : 30,
    "errorCount" : 0,
    "errorPct" : 0.0,
    "meanResTime" : 453.76666666666654,
    "medianResTime" : 104.0,
    "minResTime" : 1.0,
    "maxResTime" : 2748.0,
    "pct1ResTime" : 1449.2000000000003,
    "pct2ResTime" : 2090.199999999999,
    "pct3ResTime" : 2748.0,
    "throughput" : 3.105590062111801,
    "receivedKBytesPerSec" : 16.586398486024844,
    "sentKBytesPerSec" : 0.3639363354037267
  }
}