{
  "Petición HTTP" : {
    "transaction" : "Petición HTTP",
    "sampleCount" : 45,
    "errorCount" : 0,
    "errorPct" : 0.0,
    "meanResTime" : 2945.155555555556,
    "medianResTime" : 2498.0,
    "minResTime" : 2.0,
    "maxResTime" : 9891.0,
    "pct1ResTime" : 7158.0,
    "pct2ResTime" : 8752.499999999996,
    "pct3ResTime" : 9891.0,
    "throughput" : 4.026845637583893,
    "receivedKBytesPerSec" : 21.506658976510067,
    "sentKBytesPerSec" : 0.4718959731543624
  },
  "Total" : {
    "transaction" : "Total",
    "sampleCount" : 45,
    "errorCount" : 0,
    "errorPct" : 0.0,
    "meanResTime" : 2945.155555555556,
    "medianResTime" : 2498.0,
    "minResTime" : 2.0,
    "maxResTime" : 9891.0,
    "pct1ResTime" : 7158.0,
    "pct2ResTime" : 8752.499999999996,
    "pct3ResTime" : 9891.0,
    "throughput" : 4.026845637583893,
    "receivedKBytesPerSec" : 21.506658976510067,
    "sentKBytesPerSec" : 0.4718959731543624
  }
}