{
  "Petición HTTP" : {
    "transaction" : "Petición HTTP",
    "sampleCount" : 1000,
    "errorCount" : 1000,
    "errorPct" : 100.0,
    "meanResTime" : 474.8620000000007,
    "medianResTime" : 450.5,
    "minResTime" : 0.0,
    "maxResTime" : 893.0,
    "pct1ResTime" : 800.0,
    "pct2ResTime" : 830.8499999999998,
    "pct3ResTime" : 868.0,
    "throughput" : 819.000819000819,
    "receivedKBytesPerSec" : 2169.8722870597867,
    "sentKBytesPerSec" : 0.0
  },
  "Total" : {
    "transaction" : "Total",
    "sampleCount" : 1000,
    "errorCount" : 1000,
    "errorPct" : 100.0,
    "meanResTime" : 474.8620000000007,
    "medianResTime" : 450.5,
    "minResTime" : 0.0,
    "maxResTime" : 893.0,
    "pct1ResTime" : 800.0,
    "pct2ResTime" : 830.8499999999998,
    "pct3ResTime" : 868.0,
    "throughput" : 819.000819000819,
    "receivedKBytesPerSec" : 2169.8722870597867,
    "sentKBytesPerSec" : 0.0
  }
}