{
  "Petición HTTP" : {
    "transaction" : "Petición HTTP",
    "sampleCount" : 47,
    "errorCount" : 0,
    "errorPct" : 0.0,
    "meanResTime" : 1478.1489361702127,
    "medianResTime" : 1173.0,
    "minResTime" : 2.0,
    "maxResTime" : 5032.0,
    "pct1ResTime" : 3619.600000000001,
    "pct2ResTime" : 4516.599999999998,
    "pct3ResTime" : 5032.0,
    "throughput" : 4.831911175079675,
    "receivedKBytesPerSec" : 25.80636935206127,
    "sentKBytesPerSec" : 0.5662395908296494
  },
  "Total" : {
    "transaction" : "Total",
    "sampleCount" : 47,
    "errorCount" : 0,
    "errorPct" : 0.0,
    "meanResTime" : 1478.1489361702127,
    "medianResTime" : 1173.0,
    "minResTime" : 2.0,
    "maxResTime" : 5032.0,
    "pct1ResTime" : 3619.600000000001,
    "pct2ResTime" : 4516.599999999998,
    "pct3ResTime" : 5032.0,
    "throughput" : 4.831911175079675,
    "receivedKBytesPerSec" : 25.80636935206127,
    "sentKBytesPerSec" : 0.5662395908296494
  }
}