{
  "Petición HTTP" : {
    "transaction" : "Petición HTTP",
    "sampleCount" : 47,
    "errorCount" : 0,
    "errorPct" : 0.0,
    "meanResTime" : 1972.5531914893613,
    "medianResTime" : 1505.0,
    "minResTime" : 2.0,
    "maxResTime" : 6293.0,
    "pct1ResTime" : 4872.0,
    "pct2ResTime" : 5671.199999999998,
    "pct3ResTime" : 6293.0,
    "throughput" : 3.671301359162631,
    "receivedKBytesPerSec" : 19.607760872324636,
    "sentKBytesPerSec" : 0.4302306280268708
  },
  "Total" : {
    "transaction" : "Total",
    "sampleCount" : 47,
    "errorCount" : 0,
    "errorPct" : 0.0,
    "meanResTime" : 1972.5531914893613,
    "medianResTime" : 1505.0,
    "minResTime" : 2.0,
    "maxResTime" : 6293.0,
    "pct1ResTime" : 4872.0,
    "pct2ResTime" : 5671.199999999998,
    "pct3ResTime" : 6293.0,
    "throughput" : 3.671301359162631,
    "receivedKBytesPerSec" : 19.607760872324636,
    "sentKBytesPerSec" : 0.4302306280268708
  }
}