{
  "Petición HTTP" : {
    "transaction" : "Petición HTTP",
    "sampleCount" : 1000,
    "errorCount" : 1000,
    "errorPct" : 100.0,
    "meanResTime" : 1.5930000000000006,
    "medianResTime" : 0.0,
    "minResTime" : 0.0,
    "maxResTime" : 49.0,
    "pct1ResTime" : 1.0,
    "pct2ResTime" : 2.0,
    "pct3ResTime" : 34.99000000000001,
    "throughput" : 103.54110581901014,
    "receivedKBytesPerSec" : 274.3232618036861,
    "sentKBytesPerSec" : 0.0
  },
  "Total" : {
    "transaction" : "Total",
    "sampleCount" : 1000,
    "errorCount" : 1000,
    "errorPct" : 100.0,
    "meanResTime" : 1.5930000000000006,
    "medianResTime" : 0.0,
    "minResTime" : 0.0,
    "maxResTime" : 49.0,
    "pct1ResTime" : 1.0,
    "pct2ResTime" : 2.0,
    "pct3ResTime" : 34.99000000000001,
    "throughput" : 103.54110581901014,
    "receivedKBytesPerSec" : 274.3232618036861,
    "sentKBytesPerSec" : 0.0
  }
}