{
  "Petición HTTP" : {
    "transaction" : "Petición HTTP",
    "sampleCount" : 45,
    "errorCount" : 0,
    "errorPct" : 0.0,
    "meanResTime" : 2147.688888888889,
    "medianResTime" : 1584.0,
    "minResTime" : 2.0,
    "maxResTime" : 10244.0,
    "pct1ResTime" : 4951.4,
    "pct2ResTime" : 5473.599999999999,
    "pct3ResTime" : 10244.0,
    "throughput" : 2.3179149067683116,
    "receivedKBytesPerSec" : 12.379567016714741,
    "sentKBytesPerSec" : 0.2716306531369115
  },
  "Total" : {
    "transaction" : "Total",
    "sampleCount" : 45,
    "errorCount" : 0,
    "errorPct" : 0.0,
    "meanResTime" : 2147.688888888889,
    "medianResTime" : 1584.0,
    "minResTime" : 2.0,
    "maxResTime" : 10244.0,
    "pct1ResTime" : 4951.4,
    "pct2ResTime" : 5473.599999999999,
    "pct3ResTime" : 10244.0,
    "throughput" : 2.3179149067683116,
    "receivedKBytesPerSec" : 12.379567016714741,
    "sentKBytesPerSec" : 0.2716306531369115
  }
}