{
  "Petición HTTP" : {
    "transaction" : "Petición HTTP",
    "sampleCount" : 46,
    "errorCount" : 0,
    "errorPct" : 0.0,
    "meanResTime" : 1880.2608695652175,
    "medianResTime" : 1800.0,
    "minResTime" : 2.0,
    "maxResTime" : 6168.0,
    "pct1ResTime" : 4205.100000000001,
    "pct2ResTime" : 5143.699999999999,
    "pct3ResTime" : 6168.0,
    "throughput" : 3.650793650793651,
    "receivedKBytesPerSec" : 19.498232886904763,
    "sentKBytesPerSec" : 0.427827380952381
  },
  "Total" : {
    "transaction" : "Total",
    "sampleCount" : 46,
    "errorCount" : 0,
    "errorPct" : 0.0,
    "meanResTime" : 1880.2608695652175,
    "medianResTime" : 1800.0,
    "minResTime" : 2.0,
    "maxResTime" : 6168.0,
    "pct1ResTime" : 4205.100000000001,
    "pct2ResTime" : 5143.699999999999,
    "pct3ResTime" : 6168.0,
    "throughput" : 3.650793650793651,
    "receivedKBytesPerSec" : 19.498232886904763,
    "sentKBytesPerSec" : 0.427827380952381
  }
}