{
  "Petición HTTP" : {
    "transaction" : "Petición HTTP",
    "sampleCount" : 46,
    "errorCount" : 0,
    "errorPct" : 0.0,
    "meanResTime" : 1539.1956521739132,
    "medianResTime" : 1393.0,
    "minResTime" : 2.0,
    "maxResTime" : 4214.0,
    "pct1ResTime" : 3432.300000000001,
    "pct2ResTime" : 3926.0499999999997,
    "pct3ResTime" : 4214.0,
    "throughput" : 4.611066559743384,
    "receivedKBytesPerSec" : 24.62687794456696,
    "sentKBytesPerSec" : 0.5403593624699278
  },
  "Total" : {
    "transaction" : "Total",
    "sampleCount" : 46,
    "errorCount" : 0,
    "errorPct" : 0.0,
    "meanResTime" : 1539.1956521739132,
    "medianResTime" : 1393.0,
    "minResTime" : 2.0,
    "maxResTime" : 4214.0,
    "pct1ResTime" : 3432.300000000001,
    "pct2ResTime" : 3926.0499999999997,
    "pct3ResTime" : 4214.0,
    "throughput" : 4.611066559743384,
    "receivedKBytesPerSec" : 24.62687794456696,
    "sentKBytesPerSec" : 0.5403593624699278
  }
}