{
  "Petición HTTP" : {
    "transaction" : "Petición HTTP",
    "sampleCount" : 30,
    "errorCount" : 0,
    "errorPct" : 0.0,
    "meanResTime" : 539.5666666666667,
    "medianResTime" : 129.0,
    "minResTime" : 2.0,
    "maxResTime" : 2936.0,
    "pct1ResTime" : 2276.9000000000015,
    "pct2ResTime" : 2758.35,
    "pct3ResTime" : 2936.0,
    "throughput" : 2.6041666666666665,
    "receivedKBytesPerSec" : 13.90838623046875,
    "sentKBytesPerSec" : 0.30517578125
  },
  "Total" : {
    "transaction" : "Total",
    "sampleCount" : 30,
    "errorCount" : 0,
    "errorPct" : 0.0,
    "meanResTime" : 539.5666666666667,
    "medianResTime" : 129.0,
    "minResTime" : 2.0,
    "maxResTime" : 2936.0,
    "pct1ResTime" : 2276.9000000000015,
    "pct2ResTime" : 2758.35,
    "pct3ResTime" : 2936.0,
    "throughput" : 2.6041666666666665,
    "receivedKBytesPerSec" : 13.90838623046875,
    "sentKBytesPerSec" : 0.30517578125
  }
}