{
  "Petición HTTP" : {
    "transaction" : "Petición HTTP",
    "sampleCount" : 47,
    "errorCount" : 0,
    "errorPct" : 0.0,
    "meanResTime" : 2804.425531914893,
    "medianResTime" : 2380.0,
    "minResTime" : 2.0,
    "maxResTime" : 7529.0,
    "pct1ResTime" : 6694.400000000001,
    "pct2ResTime" : 6955.599999999999,
    "pct3ResTime" : 7529.0,
    "throughput" : 3.168610530573721,
    "receivedKBytesPerSec" : 16.92297948408953,
    "sentKBytesPerSec" : 0.3713215465516079
  },
  "Total" : {
    "transaction" : "Total",
    "sampleCount" : 47,
    "errorCount" : 0,
    "errorPct" : 0.0,
    "meanResTime" : 2804.425531914893,
    "medianResTime" : 2380.0,
    "minResTime" : 2.0,
    "maxResTime" : 7529.0,
    "pct1ResTime" : 6694.400000000001,
    "pct2ResTime" : 6955.599999999999,
    "pct3ResTime" : 7529.0,
    "throughput" : 3.168610530573721,
    "receivedKBytesPerSec" : 16.92297948408953,
    "sentKBytesPerSec" : 0.3713215465516079
  }
}