{
  "Petición HTTP" : {
    "transaction" : "Petición HTTP",
    "sampleCount" : 46,
    "errorCount" : 0,
    "errorPct" : 0.0,
    "meanResTime" : 3111.217391304348,
    "medianResTime" : 2633.5,
    "minResTime" : 1.0,
    "maxResTime" : 8225.0,
    "pct1ResTime" : 6767.400000000002,
    "pct2ResTime" : 7785.449999999999,
    "pct3ResTime" : 8225.0,
    "throughput" : 4.05214940098661,
    "receivedKBytesPerSec" : 21.641801830073994,
    "sentKBytesPerSec" : 0.4748612579281184
  },
  "Total" : {
    "transaction" : "Total",
    "sampleCount" : 46,
    "errorCount" : 0,
    "errorPct" : 0.0,
    "meanResTime" : 3111.217391304348,
    "medianResTime" : 2633.5,
    "minResTime" : 1.0,
    "maxResTime" : 8225.0,
    "pct1ResTime" : 6767.400000000002,
    "pct2ResTime" : 7785.449999999999,
    "pct3ResTime" : 8225.0,
    "throughput" : 4.05214940098661,
    "receivedKBytesPerSec" : 21.641801830073994,
    "sentKBytesPerSec" : 0.4748612579281184
  }
}