{
  "Petición HTTP" : {
    "transaction" : "Petición HTTP",
    "sampleCount" : 47,
    "errorCount" : 0,
    "errorPct" : 0.0,
    "meanResTime" : 1215.0212765957444,
    "medianResTime" : 905.0,
    "minResTime" : 2.0,
    "maxResTime" : 5649.0,
    "pct1ResTime" : 3084.0000000000023,
    "pct2ResTime" : 4585.8,
    "pct3ResTime" : 5649.0,
    "throughput" : 3.1144390696441584,
    "receivedKBytesPerSec" : 16.633659445199125,
    "sentKBytesPerSec" : 0.3649733284739249
  },
  "Total" : {
    "transaction" : "Total",
    "sampleCount" : 47,
    "errorCount" : 0,
    "errorPct" : 0.0,
    "meanResTime" : 1215.0212765957444,
    "medianResTime" : 905.0,
    "minResTime" : 2.0,
    "maxResTime" : 5649.0,
    "pct1ResTime" : 3084.0000000000023,
    "pct2ResTime" : 4585.8,
    "pct3ResTime" : 5649.0,
    "throughput" : 3.1144390696441584,
    "receivedKBytesPerSec" : 16.633659445199125,
    "sentKBytesPerSec" : 0.3649733284739249
  }
}