{
  "Petición HTTP" : {
    "transaction" : "Petición HTTP",
    "sampleCount" : 50,
    "errorCount" : 0,
    "errorPct" : 0.0,
    "meanResTime" : 4430.22,
    "medianResTime" : 4476.0,
    "minResTime" : 3734.0,
    "maxResTime" : 5191.0,
    "pct1ResTime" : 4932.8,
    "pct2ResTime" : 5075.099999999999,
    "pct3ResTime" : 5191.0,
    "throughput" : 9.33184023889511,
    "receivedKBytesPerSec" : 49.83968190089586,
    "sentKBytesPerSec" : 1.0935750279955208
  },
  "Total" : {
    "transaction" : "Total",
    "sampleCount" : 50,
    "errorCount" : 0,
    "errorPct" : 0.0,
    "meanResTime" : 4430.22,
    "medianResTime" : 4476.0,
    "minResTime" : 3734.0,
    "maxResTime" : 5191.0,
    "pct1ResTime" : 4932.8,
    "pct2ResTime" : 5075.099999999999,
    "pct3ResTime" : 5191.0,
    "throughput" : 9.33184023889511,
    "receivedKBytesPerSec" : 49.83968190089586,
    "sentKBytesPerSec" : 1.0935750279955208
  }
}