{
  "Petición HTTP" : {
    "transaction" : "Petición HTTP",
    "sampleCount" : 50,
    "errorCount" : 0,
    "errorPct" : 0.0,
    "meanResTime" : 2023.58,
    "medianResTime" : 1998.5,
    "minResTime" : 2.0,
    "maxResTime" : 5959.0,
    "pct1ResTime" : 4321.199999999999,
    "pct2ResTime" : 5178.2,
    "pct3ResTime" : 5959.0,
    "throughput" : 3.87807337314822,
    "receivedKBytesPerSec" : 20.712093044675406,
    "sentKBytesPerSec" : 0.454461723415807
  },
  "Total" : {
    "transaction" : "Total",
    "sampleCount" : 50,
    "errorCount" : 0,
    "errorPct" : 0.0,
    "meanResTime" : 2023.58,
    "medianResTime" : 1998.5,
    "minResTime" : 2.0,
    "maxResTime" : 5959.0,
    "pct1ResTime" : 4321.199999999999,
    "pct2ResTime" : 5178.2,
    "pct3ResTime" : 5959.0,
    "throughput" : 3.87807337314822,
    "receivedKBytesPerSec" : 20.712093044675406,
    "sentKBytesPerSec" : 0.454461723415807
  }
}