{
  "Petición HTTP" : {
    "transaction" : "Petición HTTP",
    "sampleCount" : 50,
    "errorCount" : 0,
    "errorPct" : 0.0,
    "meanResTime" : 2160.94,
    "medianResTime" : 2313.5,
    "minResTime" : 4.0,
    "maxResTime" : 4992.0,
    "pct1ResTime" : 4670.2,
    "pct2ResTime" : 4871.0,
    "pct3ResTime" : 4992.0,
    "throughput" : 9.428625306430321,
    "receivedKBytesPerSec" : 50.3565935555346,
    "sentKBytesPerSec" : 1.1049170280973035
  },
  "Total" : {
    "transaction" : "Total",
    "sampleCount" : 50,
    "errorCount" : 0,
    "errorPct" : 0.0,
    "meanResTime" : 2160.94,
    "medianResTime" : 2313.5,
    "minResTime" : 4.0,
    "maxResTime" : 4992.0,
    "pct1ResTime" : 4670.2,
    "pct2ResTime" : 4871.0,
    "pct3ResTime" : 4992.0,
    "throughput" : 9.428625306430321,
    "receivedKBytesPerSec" : 50.3565935555346,
    "sentKBytesPerSec" : 1.1049170280973035
  }
}