{
  "Petición HTTP" : {
    "transaction" : "Petición HTTP",
    "sampleCount" : 47,
    "errorCount" : 0,
    "errorPct" : 0.0,
    "meanResTime" : 2866.7659574468084,
    "medianResTime" : 2671.0,
    "minResTime" : 2.0,
    "maxResTime" : 8954.0,
    "pct1ResTime" : 6623.600000000001,
    "pct2ResTime" : 7808.799999999996,
    "pct3ResTime" : 8954.0,
    "throughput" : 3.3959537572254335,
    "receivedKBytesPerSec" : 18.137178806900287,
    "sentKBytesPerSec" : 0.3979633309248555
  },
  "Total" : {
    "transaction" : "Total",
    "sampleCount" : 47,
    "errorCount" : 0,
    "errorPct" : 0.0,
    "meanResTime" : 2866.7659574468084,
    "medianResTime" : 2671.0,
    "minResTime" : 2.0,
    "maxResTime" : 8954.0,
    "pct1ResTime" : 6623.600000000001,
    "pct2ResTime" : 7808.799999999996,
    "pct3ResTime" : 8954.0,
    "throughput" : 3.3959537572254335,
    "receivedKBytesPerSec" : 18.137178806900287,
    "sentKBytesPerSec" : 0.3979633309248555
  }
}