{
  "Petición HTTP" : {
    "transaction" : "Petición HTTP",
    "sampleCount" : 45,
    "errorCount" : 0,
    "errorPct" : 0.0,
    "meanResTime" : 1142.8222222222223,
    "medianResTime" : 874.0,
    "minResTime" : 2.0,
    "maxResTime" : 4352.0,
    "pct1ResTime" : 2822.6,
    "pct2ResTime" : 3718.9999999999986,
    "pct3ResTime" : 4352.0,
    "throughput" : 4.63678516228748,
    "receivedKBytesPerSec" : 24.764236379443584,
    "sentKBytesPerSec" : 0.5433732612055642
  },
  "Total" : {
    "transaction" : "Total",
    "sampleCount" : 45,
    "errorCount" : 0,
    "errorPct" : 0.0,
    "meanResTime" : 1142.8222222222223,
    "medianResTime" : 874.0,
    "minResTime" : 2.0,
    "maxResTime" : 4352.0,
    "pct1ResTime" : 2822.6,
    "pct2ResTime" : 3718.9999999999986,
    "pct3ResTime" : 4352.0,
    "throughput" : 4.63678516228748,
    "receivedKBytesPerSec" : 24.764236379443584,
    "sentKBytesPerSec" : 0.5433732612055642
  }
}