{
  "Petición HTTP" : {
    "transaction" : "Petición HTTP",
    "sampleCount" : 47,
    "errorCount" : 0,
    "errorPct" : 0.0,
    "meanResTime" : 2485.978723404255,
    "medianResTime" : 1645.0,
    "minResTime" : 6.0,
    "maxResTime" : 7201.0,
    "pct1ResTime" : 6201.200000000001,
    "pct2ResTime" : 6832.399999999998,
    "pct3ResTime" : 7201.0,
    "throughput" : 3.5182274122314543,
    "receivedKBytesPerSec" : 18.79022042724006,
    "sentKBytesPerSec" : 0.41229227487087355
  },
  "Total" : {
    "transaction" : "Total",
    "sampleCount" : 47,
    "errorCount" : 0,
    "errorPct" : 0.0,
    "meanResTime" : 2485.978723404255,
    "medianResTime" : 1645.0,
    "minResTime" : 6.0,
    "maxResTime" : 7201.0,
    "pct1ResTime" : 6201.200000000001,
    "pct2ResTime" : 6832.399999999998,
    "pct3ResTime" : 7201.0,
    "throughput" : 3.5182274122314543,
    "receivedKBytesPerSec" : 18.79022042724006,
    "sentKBytesPerSec" : 0.41229227487087355
  }
}