{
  "Petición HTTP" : {
    "transaction" : "Petición HTTP",
    "sampleCount" : 1000,
    "errorCount" : 0,
    "errorPct" : 0.0,
    "meanResTime" : 31009.773999999998,
    "medianResTime" : 28374.5,
    "minResTime" : 226.0,
    "maxResTime" : 62348.0,
    "pct1ResTime" : 59210.9,
    "pct2ResTime" : 59748.95,
    "pct3ResTime" : 62174.860000000015,
    "throughput" : 15.937270901730788,
    "receivedKBytesPerSec" : 85.11810015777898,
    "sentKBytesPerSec" : 1.8676489337965767
  },
  "Total" : {
    "transaction" : "Total",
    "sampleCount" : 1000,
    "errorCount" : 0,
    "errorPct" : 0.0,
    "meanResTime" : 31009.773999999998,
    "medianResTime" : 28374.5,
    "minResTime" : 226.0,
    "maxResTime" : 62348.0,
    "pct1ResTime" : 59210.9,
    "pct2ResTime" : 59748.95,
    "pct3ResTime" : 62174.860000000015,
    "throughput" : 15.937270901730788,
    "receivedKBytesPerSec" : 85.11810015777898,
    "sentKBytesPerSec" : 1.8676489337965767
  }
}